,min,max,average,median,standard_deviation
CREATE,183.0,313.0,231.3084,231.0,12.89243869212387
RFQ,217.0,325.0,250.29,248.0,15.914731756102173
BID,7945.0,12904.0,10992.1468,11048.0,549.5882001332009
ACCEPT,262.0,1846.0,1468.95,1465.5,204.67122564264048
